zona_codigo,codigo,provincia,nombre
1,04D01,Carchi,DIRECCION DISTRITAL 04D01 SAN PEDRO DE HUACA TULCAN - EDUCACION
1,04D02,Carchi,DIRECCION DISTRITAL 04D02 MONTUFAR BOLIVAR - EDUCACION
1,04D03,Carchi,DIRECCION DISTRITAL 04D03 ESPEJO MIRA - EDUCACION
1,08D01,Esmeraldas,DIRECCION DISTRITAL 08D01 ESMERALDAS - EDUCACION
1,08D02,Esmeraldas,DIRECCION DISTRITAL 08D02 ELOY ALFARO - EDUCACION
1,08D03,Esmeraldas,DIRECCION DISTRITAL 08D03 MUISNE ATACAMES - EDUCACION
1,08D04,Esmeraldas,DIRECCION DISTRITAL 08D04 QUININDE - EDUCACION
1,08D05,Esmeraldas,DIRECCION DISTRITAL 08D05 SAN LORENZO - EDUCACION
1,08D06,Esmeraldas,DIRECCION DISTRITAL 08D06 RIO VERDE - EDUCACION
1,10D01,Imbabura,DIRECCION DISTRITAL 10D01 IBARRA PIMAMPIRO SAN MIGUEL DE URCUQUI - EDUCACION
1,10D02,Imbabura,DIRECCION DISTRITAL 10D02 ANTONIO ANTE OTAVALO - EDUCACION
1,10D03,Imbabura,DIRECCION DISTRITAL 10D03 COTACACHI - EDUCACION
1,21D01,Sucumbíos,DIRECCION DISTRITAL 21D01 CASCALES GONZALO PIZARRO SUCUMBIOS - EDUCACION
1,21D02,Sucumbíos,DIRECCION DISTRITAL 21D02 LAGO AGRIO - EDUCACION
1,21D03,Sucumbíos,DIRECCION DISTRITAL 21D03 CUYABENO PUTUMAYO - EDUCACION
1,21D04,Sucumbíos,DIRECCION DISTRITAL 21D04 SHUSHUFINDI - EDUCACION
2,15D01,Napo,DIRECCION DISTRITAL 15D01 ARCHIDONA CARLOS JULIO AROSEMENA TOLA TENA - EDUCACION
2,15D02,Napo,DIRECCION DISTRITAL 15D02 EL CHACO QUIJOS - EDUCACION
2,17D10,Pichincha,DIRECCION DISTRITAL 17D10 CAYAMBE PEDRO MONCAYO - EDUCACION
2,17D11,Pichincha,DIRECCION DISTRITAL 17D11 MEJIA RUMINAHUI - EDUCACION
2,17D12,Pichincha,DIRECCION DISTRITAL 17D12 PEDRO VICENTE MALDONADO PUERTO QUITO SAN MIGUEL DE LOS BANCOS - EDUCACION
2,22D01,Orellana,DIRECCION DISTRITAL 22D01 JOYA DE LOS SACHAS - EDUCACION
2,22D02,Orellana,DIRECCION DISTRITAL 22D02 ORELLANA LORETO - EDUCACION
2,22D03,Orellana,DIRECCION DISTRITAL 22D03 AGUARICO - EDUCACION
3,05D01,Cotopaxi,DIRECCION DISTRITAL 05D01 LATACUNGA - EDUCACION
3,05D02,Cotopaxi,DIRECCION DISTRITAL 05D02 LA MANA - EDUCACION
3,05D03,Cotopaxi,DIRECCION DISTRITAL 05D03 PANGUA - EDUCACION
3,05D04,Cotopaxi,DIRECCION DISTRITAL 05D04 PUJILI SAQUISILI - EDUCACION
3,05D05,Cotopaxi,DIRECCION DISTRITAL 05D05 SIGCHOS - EDUCACION
3,05D06,Cotopaxi,DIRECCION DISTRITAL 05D06 SALCEDO - EDUCACION
3,06D01,Chimborazo,DIRECCION DISTRITAL 06D01 RIOBAMBA CHAMBO - EDUCACION
3,06D02,Chimborazo,DIRECCION DISTRITAL 06D02 ALAUSI CHUNCHI - EDUCACION
3,06D03,Chimborazo,DIRECCION DISTRITAL 06D03 CUMANDA PALLATANGA - EDUCACION
3,06D04,Chimborazo,DIRECCION DISTRITAL 06D04 COLTA GUAMOTE - EDUCACION
3,06D05,Chimborazo,DIRECCION DISTRITAL 06D05 GUANO PENIPE - EDUCACION
3,16D01,Pastaza,DIRECCION DISTRITAL 16D01 PASTAZA MERA SANTA CLARA - EDUCACION
3,16D02,Pastaza,DIRECCION DISTRITAL 16D02 ARAJUNO - EDUCACION
3,18D01,Tungurahua,DIRECCION DISTRITAL 18D01 PARROQUIAS URBANAS LA PENINSULA A SAN FRANCISCO Y PARROQUIAS RURALES AUGUSTO N.MARTINEZ A ATAHUALPA - EDUCACION
3,18D02,Tungurahua,DIRECCION DISTRITAL 18D02 PARROQUIAS URBANAS CELIANO MONJE A PISHILATA Y PARROQUIAS RURALES HUACHI GRANDE A TOTORAS - EDUCACION
3,18D03,Tungurahua,DIRECCION DISTRITAL 18D03 BANOS DE AGUA SANTA - EDUCACION
3,18D04,Tungurahua,DIRECCION DISTRITAL 18D04 PATATE SAN PEDRO DE PELILEO - EDUCACION
3,18D05,Tungurahua,DIRECCION DISTRITAL 18D05 SANTIAGO DE PILLARO - EDUCACION
3,18D06,Tungurahua,DIRECCION DISTRITAL 18D06 CEVALLOS A TISALEO - EDUCACION
4,13D01,Manabí,DIRECCION DISTRITAL 13D01 PORTOVIEJO - EDUCACION
4,13D02,Manabí,DIRECCION DISTRITAL 13D02 JARAMIJO MANTA MONTECRISTI - EDUCACION
4,13D03,Manabí,DIRECCION DISTRITAL 13D03 JIPIJAPA PUERTO LOPEZ - EDUCACION
4,13D04,Manabí,DIRECCION DISTRITAL 13D04 24 DE MAYO SANTA ANA OLMEDO - EDUCACION
4,13D05,Manabí,DIRECCION DISTRITAL 13D05 EL CARMEN - EDUCACION
4,13D06,Manabí,DIRECCION DISTRITAL 13D06 JUNIN BOLIVAR - EDUCACION
4,13D07,Manabí,DIRECCION DISTRITAL 13D07 CHONE FLAVIO ALFARO - EDUCACION
4,13D08,Manabí,DIRECCION DISTRITAL 13D08 PICHINCHA - EDUCACION
4,13D09,Manabí,DIRECCION DISTRITAL 13D09 PAJAN - EDUCACION
4,13D10,Manabí,DIRECCION DISTRITAL 13D10 JAMA PEDERNALES - EDUCACION
4,13D11,Manabí,DIRECCION DISTRITAL 13D11 SAN VICENTE SUCRE - EDUCACION
4,13D12,Manabí,DIRECCION DISTRITAL 13D12 ROCAFUERTE TOSAGUA - EDUCACION
4,23D01,Santo Domingo de los Tsáchilas,DIRECCION DISTRITAL 23D01 PARROQUIAS URBANAS RIO VERDE A CHIGUILPE Y PARROQUIAS RURALES ALLURIQUIN A PERIFERIA - EDUCACION
4,23D02,Santo Domingo de los Tsáchilas,DIRECCION DISTRITAL 23D02 PARROQUIAS URBANAS ABRAHAM CALAZACON BOMBOLI Y PARROQUIAS RURALES SAN JACINTO DEL BUA A PERIFERIA 2 - EDUCACION
4,23D03,Santo Domingo de los Tsáchilas,DIRECCION DISTRITAL 23D03 LA CONCORDIA - EDUCACION
5,02D01,Bolívar,DIRECCION DISTRITAL 02D01 GUARANDA - EDUCACION
5,02D02,Bolívar,DIRECCION DISTRITAL 02D02 CHILLANES - EDUCACION
5,02D03,Bolívar,DIRECCION DISTRITAL 02D03 CHIMBO SAN MIGUEL - EDUCACION
5,02D04,Bolívar,DIRECCION DISTRITAL 02D04 CALUMA ECHEANDIA LAS NAVES - EDUCACION
5,09D11,Guayas,DIRECCION DISTRITAL 09D11 ALFREDO BAQUERIZO MORENO SIMON BOLIVAR- EDUCACION
5,09D12,Guayas,DIRECCION DISTRITAL 09D12 NARANJAL BALAO - EDUCACION
5,09D13,Guayas,DIRECCION DISTRITAL 09D13 BALZAR COLIMES PALESTINA - EDUCACION
5,09D14,Guayas,DIRECCION DISTRITAL 09D14 ISIDRO AYORA LOMAS DE SARGENTILLO PEDRO CARBO - EDUCACION
5,09D15,Guayas,DIRECCION DISTRITAL 09D15 EMPALME - EDUCACION
5,09D16,Guayas,DIRECCION DISTRITAL 09D16 EL TRIUNFO GRAL ANTONIO ELIZALDE - EDUCACION
5,09D17,Guayas,DIRECCION DISTRITAL 09D17 MILAGRO - EDUCACION
5,09D18,Guayas,DIRECCION DISTRITAL 09D18 CRNEL MARCELINO MARIDUENA NARANJITO - EDUCACION
5,09D19,Guayas,DIRECCION DISTRITAL 09D19 DAULE NOBOL SANTA LUCIA - EDUCACION
5,09D20,Guayas,DIRECCION DISTRITAL 09D20 SALITRE - EDUCACION
5,09D21,Guayas,DIRECCION DISTRITAL 09D21 SAN JACINTO DE YAGUACHI - EDUCACION
5,09D22,Guayas,DIRECCION DISTRITAL 09D22 PLAYAS - EDUCACION
5,12D01,Los Ríos,DIRECCION DISTRITAL 12D01 BABAHOYO BABA MONTALVO - EDUCACION
5,12D02,Los Ríos,DIRECCION DISTRITAL 12D02 PUEBLO VIEJO URDANETA - EDUCACION
5,12D03,Los Ríos,DIRECCION DISTRITAL 12D03 MOCACHE QUEVEDO - EDUCACION
5,12D04,Los Ríos,DIRECCION DISTRITAL 12D04 QUISALOMA VENTANAS - EDUCACION
5,12D05,Los Ríos,DIRECCION DISTRITAL 12D05 PALENQUE VINCES - EDUCACION
5,12D06,Los Ríos,DIRECCION DISTRITAL 12D06 BUENA FE VALENCIA - EDUCACION
5,20D01,Galápagos,DIRECCION DISTRITAL 20D01 SAN CRISTOBAL SANTA CRUZ ISABELA - EDUCACION
5,24D01,Santa Elena,DIRECCION DISTRITAL 24D01 SANTA ELENA - EDUCACION
5,24D02,Santa Elena,DIRECCION DISTRITAL 24D02 LA LIBERTAD SALINAS - EDUCACION
6,01D01,Azuay,DIRECCION DISTRITAL 01D01 PARROQUIA URBANA MACHANGARA A BELLAVISTA Y PARROQUIAS RURALES NULTI SAYAUSI - EDUCACION
6,01D02,Azuay,DIRECCION DISTRITAL 01D02 PARROQUIA URBANA SAN SEBASTIAN A MONAY Y PARROQUIAS RURALES BANOS A SANTA ANA - EDUCACION
6,01D03,Azuay,DIRECCION DISTRITAL 01D03 GIRON A SANTA ISABEL - EDUCACION
6,01D04,Azuay,DIRECCION DISTRITAL 01D04 CHORDELEG GUALACEO - EDUCACION
6,01D05,Azuay,DIRECCION DISTRITAL 01D05 NABON ONA - EDUCACION
6,01D06,Azuay,DIRECCION DISTRITAL 01D06 EL PAN A SEVILLA DE ORO - EDUCACION
6,01D07,Azuay,DIRECCION DISTRITAL 01D07 CAMILO PONCE ENRIQUEZ - EDUCACION
6,01D08,Azuay,DIRECCION DISTRITAL 01D08 SIGSIG - EDUCACION
6,03D01,Cañar,DIRECCION DISTRITAL 03D01 AZOGUES BIBLIAN DELEG - EDUCACION
6,03D02,Cañar,DIRECCION DISTRITAL 03D02 CANAR EL TAMBO SUSCAL - EDUCACION
6,03D03,Cañar,DIRECCION DISTRITAL 03D03 LA TRONCAL - EDUCACION
6,14D01,Morona Santiago,DIRECCION DISTRITAL 14D01 MORONA - EDUCACION
6,14D02,Morona Santiago,DIRECCION DISTRITAL 14D02 HUAMBOYA PABLO SEXTO PALORA - EDUCACION
6,14D03,Morona Santiago,DIRECCION DISTRITAL 14D03 LOGRONO SUCUA - EDUCACION
6,14D04,Morona Santiago,DIRECCION DISTRITAL 14D04 GUALAQUIZA SAN JUAN BOSCO - EDUCACION
6,14D05,Morona Santiago,DIRECCION DISTRITAL 14D05 TAISHA - EDUCACION
6,14D06,Morona Santiago,DIRECCION DISTRITAL 14D06 LIMON INDANZA SANTIAGO TIWINTZA - EDUCACION
7,07D01,El Oro,DIRECCION DISTRITAL 07D01 CHILLA -EL GUABO-PASAJE - EDUCACION
7,07D02,El Oro,DIRECCION DISTRITAL 07D02 MACHALA - EDUCACION
7,07D03,El Oro,DIRECCION DISTRITAL 07D03 ATAHUALPA PORTOVELO ZARUMA - EDUCACION
7,07D04,El Oro,DIRECCION DISTRITAL 07D04 BALSAS MARCABELI PINAS - EDUCACION
7,07D05,El Oro,DIRECCION DISTRITAL 07D05 ARENILLAS HUAQUILLAS LAS LAJAS - EDUCACION
7,07D06,El Oro,DIRECCION DISTRITAL 07D06 SANTA ROSA - EDUCACION
7,11D01,Loja,DIRECCION DISTRITAL 11D01 LOJA - EDUCACION
7,11D02,Loja,DIRECCION DISTRITAL 11D02 CATAMAYO CHAGUARPAMBA OLMEDO - EDUCACION
7,11D03,Loja,DIRECCION DISTRITAL 11D03 PALTAS - EDUCACION
7,11D04,Loja,DIRECCION DISTRITAL 11D04 CELICA PINDAL PUYANGO - EDUCACION
7,11D05,Loja,DIRECCION DISTRITAL 11D05 ESPINDOLA - EDUCACION
7,11D06,Loja,DIRECCION DISTRITAL 11D06 CALVAS GONZANAMA QUILANGA - EDUCACION
7,11D07,Loja,DIRECCION DISTRITAL 11D07 MACARA SOZORANGA - EDUCACION
7,11D08,Loja,DIRECCION DISTRITAL 11D08 SARAGURO - EDUCACION
7,11D09,Loja,DIRECCION DISTRITAL 11D09 ZAPOTILLO - EDUCACION
7,19D01,Zamora Chinchipe,DIRECCION DISTRITAL 19D01 YACUAMBI ZAMORA - EDUCACION
7,19D02,Zamora Chinchipe,DIRECCION DISTRITAL 19D02 CENTINELA DEL CONDOR NANGARITZA PAQUISHA- EDUCACION
7,19D03,Zamora Chinchipe,DIRECCION DISTRITAL 19D03 CHINCHIPE PALANDA - EDUCACION
7,19D04,Zamora Chinchipe,DIRECCION DISTRITAL 19D04 EL PANGUI YANTZAZA - EDUCACION
8,09D01,Guayas,DIRECCION DISTRITAL 09D01 XIMENA 1 PARROQUIAS RURALES PUNA ESTUARIO DEL RIO - EDUCACION
8,09D02,Guayas,DIRECCION DISTRITAL 09D02 XIMENA 2 - EDUCACION
8,09D03,Guayas,DIRECCION DISTRITAL 09D03 PARROQUIAS URBANAS MORENO AROCA - EDUCACION
8,09D04,Guayas,DIRECCION DISTRITAL 09D04 FEBRES CORDERO - EDUCACION
8,09D05,Guayas,DIRECCION DISTRITAL 09D05 TARQUI 1 TENGUEL - EDUCACION
8,09D06,Guayas,DIRECCION DISTRITAL 09D06 TARQUI 2 - EDUCACION
8,09D07,Guayas,DIRECCION DISTRITAL 09D07 PASCUALES 1 - EDUCACION
8,09D08,Guayas,DIRECCION DISTRITAL 09D08 PASCUALES 2 - EDUCACION
8,09D09,Guayas,DIRECCION DISTRITAL 09D09 TARQUI 3 - EDUCACION
8,09D10,Guayas,DIRECCION DISTRITAL 09D10 PARROQUIAS RURALES (PROGRESO A AREA DE EXPANSION GUAYAQUIL) - EDUCACION
8,09D23,Guayas,DIRECCION DISTRITAL 09D23 SAMBORONDON - EDUCACION
8,09D24,Guayas,DIRECCION DISTRITAL 09D24 DURAN - EDUCACION
9,17D01,Pichincha,DIRECCION DISTRITAL 17D01 PARROQUIAS RURALES NANEGAL A NANEGALITO - EDUCACION
9,17D02,Pichincha,DIRECCION DISTRITAL 17D02 PARROQUIAS RURALES CALDERON LLANO CHICO GUAYLLABAMBA - EDUCACION
9,17D03,Pichincha,DIRECCION DISTRITAL 17D03 PARROQUIAS URBANAS-EL CONDADO A CARCELEN Y PARROQUIAS RURALES PUELLARO A CALACALI - EDUCACION
9,17D04,Pichincha,DIRECCION DISTRITAL 17D04 PARROQUIAS URBANAS PUENGASI A ITCHIMBIA - EDUCACION
9,17D05,Pichincha,DIRECCION DISTRITAL 17D05 PARROQUIAS URBANAS LA CONCEPCION A JIPIJAPA Y PARROQUIAS RURALES NAYON ZAMBIZA - EDUCACION
9,17D06,Pichincha,DIRECCION DISTRITAL 17D06 PARROQUIAS URBANAS CHILIBULO A LA FERROVIARIA Y PARROQUIAS RURALES LLOA - EDUCACION
9,17D07,Pichincha,DIRECCION DISTRITAL 17D07 PARROQUIAS URBANAS CHILLOGALLO A LA ECUATORIANA - EDUCACION
9,17D08,Pichincha,DIRECCION DISTRITAL 17D08 PARROQUIAS RURALES CONOCOTO A LA MERCED - EDUCACION
9,17D09,Pichincha,DIRECCION DISTRITAL 17D09 PARROQUIAS RURALES TUMBACO A TABABELA - EDUCACION
