codigo_amie,zona_registro_amie,zona_cruce_geografico,codigo_distrito
01H00640,5,6,01D07
01H00659,5,6,01D07
01H00673,5,6,01D02
01H00674,5,6,01D02
01H01552,5,6,01D07
01H01583,5,6,01D07
03H00174,en Estudio,3,06D02
03H00186,en Estudio,3,06D02
03H00763,en Estudio,3,06D02
06B00108,3,5,02D01
06B00118,en Estudio,3,06D02
06B00139,en Estudio,3,06D02
06B00140,en Estudio,3,06D02
06B00142,en Estudio,3,06D02
06B00145,en Estudio,3,06D02
06B00334,3,5,02D03
08H00798,2,1,08D04
09H02895,6,5,09D12
09H03338,5,8,09D23
09H03450,5,8,09D23
09H04039,5,6,03D02
09H04334,5,6,03D03
09H04362,8,5,09D12
09H05643,8,5,09D13
09H05762,5,6,01D07
10B00111,1,9,17D03
10B00129,1,9,17D03
10H00478,1,9,17D03
13H03388,4,5,09D13
17H04155,9,2,17D11
