codigo_amie,nombre,motivo
03H00354,ESCUELA DE EDUCACION BASICA LUIS OCTAVIO CAÑAR PAREDES,Código distrital sin identificación válida: 00000
03H00538,UNIDAD EDUCATIVA CAMILO PONCE ENRIQUEZ,Código distrital sin identificación válida: 00000
03H00541,UNIDAD EDUCATIVA CRISTOBAL COLÓN,Código distrital sin identificación válida: 00000
03H00543,UNIDAD EDUCATIVA COTOPAXI,Código distrital sin identificación válida: 00000
03H00550,ESCUELA DE EDUCACIÓN BÁSICA MARÍA TERESA,Código distrital sin identificación válida: 00000
03H00551,UNIDAD EDUCATIVA HERMANO MIGUEL,Código distrital sin identificación válida: 00000
03H00552,UNIDAD EDUCATIVA ROBERTO CASTILLO,Código distrital sin identificación válida: 00000
03H00554,UNIDAD EDUCATIVA AMAZONAS,Código distrital sin identificación válida: 00000
03H00555,ESCUELA DE EDUCACIÓN BÁSICA LUIS FELIPE BORJA,Código distrital sin identificación válida: 00000
04H00034,UNIDAD EDUCATIVA FISCOMISIONAL HERMANO MIGUEL LA SALLE,AMIE ausente del cruce
08H00957,UNIDAD EDUCATIVA ESMERALDAS,Código distrital sin identificación válida: 00000
08H02161,UNIDAD EDUCATIVA ESPECIALIZADA  GRAN HORIZONTE,Código distrital sin identificación válida: 00000
09H01383,ESCUELA DE EDUCACION BASICA FISCAL QUITO,AMIE ausente del cruce
09H01534,CENTRO DE EDUCACION INICIAL FISCAL FREDDY MERCHAN JALCA,AMIE ausente del cruce
09H04068,ESCUELA DE EDUCACION BASICA JOSE  JOAQUIN GALLEGOS LARA,Código distrital sin identificación válida: 00000
09H04075,ESCUELA DE EDUCACION BASICA MANUELA CAÑIZARES,Código distrital sin identificación válida: 00000
09H04080,ESCUELA DE EDUCACION BASICA 10 DE AGOSTO,Código distrital sin identificación válida: 00000
09H05386,ESCUELA DE EDUCACION BASICA LOS FRANCOS,Código distrital sin identificación válida: 00000
09H06061,DR. LUIS ALFONSO SALTOS ESPINOZA EXTENCION MANUEL MESTANZA ONOFRE,AMIE ausente del cruce
09H06084,UNIDAD EDUCATIVA DISTANCIA DR. EUGENIO ESPEJO EXTENCION O7U,AMIE ausente del cruce
09H06122,UNIDAD EDUCATIVA DEL GUAYAS EXTENSION SAN PEDRO DE DAULAR,AMIE ausente del cruce
09H06147,RAYITO DE SOL DE LA MAÑANA,AMIE ausente del cruce
09H06152,LICEO GOLDEN,AMIE ausente del cruce
09H06156,ATARDECER SABIENDO,AMIE ausente del cruce
10H00312,PERLA DE GUAYLLABAMBA,Código distrital sin identificación válida: 00000
10H00316,CENTINELA DE IMBABURA,Código distrital sin identificación válida: 00000
10H00318,ATI PILLAHUAZO,Código distrital sin identificación válida: 00000
10H00319,LUZ Y PROGRESO,Código distrital sin identificación válida: 00000
10H00323,LUIS ULPIANO DE LA TORRE,Código distrital sin identificación válida: 00000
10H00324,COSTAS DEL TOIZAN,Código distrital sin identificación válida: 00000
10H00325,SANTA ANA DE COTACACHI,Código distrital sin identificación válida: 00000
14H00046,CENTRO DE EDUCACION INICIAL PULGARCITO,AMIE ausente del cruce
17H00453,UNIDAD EDUCATIVA PARTICULAR CRISTO DEL CONSUELO,AMIE ausente del cruce
